{"data":[{"company":"phillips","product_code":"radio","Number":"5","address":"Groningensingel 147","city":"arnhem","country":"the netherlands","name":"m p. jansen"},{"company":"phillips","product_code":"radio","Number":"43","address":"Groningensingel 148","city":"arnhem","country":"the netherlands","name":"m p. hansen"},{"company":"phillips","product_code":"Computer","Number":"3","address":"Groningensingel 149","city":"arnhem","country":"the netherlands","name":"m j. Gansen"},{"company":"phillips","product_code":"Computer","Number":"34","address":"Groningensingel 150","city":"arnhem","country":"the netherlands","name":"m p. mansen"},{"company":"phillips","product_code":"Computer","Number":"12","address":"Groningensingel 151","city":"arnhem","country":"the netherlands","name":"m p. fransen"},{"company":"phillips","product_code":"radio","Number":"23","address":"Groningensingel 152","city":"arnhem","country":"the netherlands","name":"m p. franssen"},{"company":"akzo HK","product_code":"TV","Number":"43","address":"Leeuwardenweg 178","city":"arnhem","country":"the netherlands","name":"m p. bansen"},{"company":"akzo","product_code":"TV","Number":"12","address":"Leeuwardenweg 179","city":"arnhem","country":"the netherlands","name":"m p. vansen"},{"company":"akzo","product_code":"Computer","Number":"5","address":"Leeuwardenweg 180","city":"arnhem","country":"the netherlands","name":"m p. bransen"},{"company":"akzo","product_code":"radio","Number":"34","address":"Leeuwardenweg 181","city":"arnhem","country":"the netherlands","name":"m p. janssen"},{"company":"akzo","product_code":"tablet","Number":"5","address":"Leeuwardenweg 182","city":"arnhem","country":"the netherlands","name":"mevr l.  rokken"},{"company":"akzo","product_code":"tablet","Number":"9","address":"Leeuwardenweg 183","city":"arnhem","country":"the netherlands","name":"mevr l.  lokken"},{"company":"akzo","product_code":"Computer","Number":"8","address":"Leeuwardenweg 184","city":"arnhem","country":"the netherlands","name":"mevr l.  mokken"},{"company":"phillips","product_code":"radio","Number":"56","address":"Delfzijlstraat 54","city":"arnhem","country":"the netherlands","name":"mevr l.  mokken"},{"company":"phillips","product_code":"TV","Number":"67","address":"Delfzijlstraat 55","city":"arnhem","country":"the netherlands","name":"mevr l.  mokken"},{"company":"phillips","product_code":"TV","Number":"21","address":"Delfzijlstraat 56","city":"arnhem","country":"the netherlands","name":"mevr l.  mokken"},{"company":"Van Houten","product_code":"Computer Screen","Number":"45","address":"Delfzijlstraat 57","city":"arnhem","country":"the netherlands","name":"mevr l.  sokken"},{"company":"Van Houten","product_code":"TV","Number":"56","address":"Delfzijlstraat 58","city":"arnhem","country":"the netherlands","name":"mevr l.  wokken"},{"company":"Van Houten","product_code":"TV","Number":"65","address":"Delfzijlstraat 59","city":"arnhem","country":"the netherlands","name":"mevr l.  kokken"},{"company":"Van Houten","product_code":"Computer","Number":"21","address":"Delfzijlstraat 60","city":"arnhem","country":"the netherlands","name":"mevr l.  Bokken"},{"company":"Van Houten","product_code":"radio","Number":"23","address":"Delfzijlstraat 61","city":"arnhem","country":"the netherlands","name":"mevr l.  dokken"},{"company":"unilever","product_code":"Computer","Number":"3","address":"Jourestraat 23","city":"arnhem","country":"the netherlands","name":"mevr l.  gokken"},{"company":"unilever","product_code":"tablet","Number":"4","address":"Jourestraat 24","city":"arnhem","country":"the netherlands","name":"mevr l.  stokken"},{"company":"unilever","product_code":"tablet","Number":"6","address":"Jourestraat 25","city":"arnhem","country":"the netherlands","name":"mevr l.  rokken"},{"company":"unilever","product_code":"tablet","Number":"8","address":"Jourestraat 26","city":"arnhem","country":"the netherlands","name":"mevr l.  rokken"}]}